국적,연령대,값,데이터기준일자
가나,0-4세,0,2026-05-31
가나,05-09세,0,2026-05-31
가나,10-14세,0,2026-05-31
가나,15-19세,0,2026-05-31
가나,20-24세,0,2026-05-31
가나,25-29세,0,2026-05-31
가나,30-34세,0,2026-05-31
가나,35-39세,1,2026-05-31
가나,40-44세,0,2026-05-31
가나,45-49세,0,2026-05-31
가나,50-54세,0,2026-05-31
가나,55-59세,1,2026-05-31
가나,60-64세,0,2026-05-31
가나,65-69세,0,2026-05-31
가나,70-74세,0,2026-05-31
가나,75-79세,0,2026-05-31
가나,80-84세,0,2026-05-31
가나,85-89세,0,2026-05-31
가나,90-94세,0,2026-05-31
감비아,0-4세,0,2026-05-31
감비아,05-09세,0,2026-05-31
감비아,10-14세,0,2026-05-31
감비아,15-19세,0,2026-05-31
감비아,20-24세,0,2026-05-31
감비아,25-29세,0,2026-05-31
감비아,30-34세,1,2026-05-31
감비아,35-39세,0,2026-05-31
감비아,40-44세,0,2026-05-31
감비아,45-49세,0,2026-05-31
감비아,50-54세,0,2026-05-31
감비아,55-59세,0,2026-05-31
감비아,60-64세,0,2026-05-31
감비아,65-69세,0,2026-05-31
감비아,70-74세,0,2026-05-31
감비아,75-79세,0,2026-05-31
감비아,80-84세,0,2026-05-31
감비아,85-89세,0,2026-05-31
감비아,90-94세,0,2026-05-31
그리스,0-4세,0,2026-05-31
그리스,05-09세,3,2026-05-31
그리스,10-14세,1,2026-05-31
그리스,15-19세,0,2026-05-31
그리스,20-24세,2,2026-05-31
그리스,25-29세,10,2026-05-31
그리스,30-34세,3,2026-05-31
그리스,35-39세,6,2026-05-31
그리스,40-44세,9,2026-05-31
그리스,45-49세,4,2026-05-31
그리스,50-54세,2,2026-05-31
그리스,55-59세,2,2026-05-31
그리스,60-64세,4,2026-05-31
그리스,65-69세,0,2026-05-31
그리스,70-74세,2,2026-05-31
그리스,75-79세,1,2026-05-31
그리스,80-84세,1,2026-05-31
그리스,85-89세,0,2026-05-31
그리스,90-94세,0,2026-05-31
나이지리아,0-4세,0,2026-05-31
나이지리아,05-09세,0,2026-05-31
나이지리아,10-14세,0,2026-05-31
나이지리아,15-19세,0,2026-05-31
나이지리아,20-24세,0,2026-05-31
나이지리아,25-29세,0,2026-05-31
나이지리아,30-34세,0,2026-05-31
나이지리아,35-39세,1,2026-05-31
나이지리아,40-44세,0,2026-05-31
나이지리아,45-49세,0,2026-05-31
나이지리아,50-54세,0,2026-05-31
나이지리아,55-59세,0,2026-05-31
나이지리아,60-64세,0,2026-05-31
나이지리아,65-69세,0,2026-05-31
나이지리아,70-74세,0,2026-05-31
나이지리아,75-79세,0,2026-05-31
나이지리아,80-84세,0,2026-05-31
나이지리아,85-89세,0,2026-05-31
나이지리아,90-94세,0,2026-05-31
남아프리카공화국,0-4세,0,2026-05-31
남아프리카공화국,05-09세,0,2026-05-31
남아프리카공화국,10-14세,0,2026-05-31
남아프리카공화국,15-19세,0,2026-05-31
남아프리카공화국,20-24세,0,2026-05-31
남아프리카공화국,25-29세,13,2026-05-31
남아프리카공화국,30-34세,14,2026-05-31
남아프리카공화국,35-39세,6,2026-05-31
남아프리카공화국,40-44세,6,2026-05-31
남아프리카공화국,45-49세,0,2026-05-31
남아프리카공화국,50-54세,1,2026-05-31
남아프리카공화국,55-59세,4,2026-05-31
남아프리카공화국,60-64세,1,2026-05-31
남아프리카공화국,65-69세,1,2026-05-31
남아프리카공화국,70-74세,0,2026-05-31
남아프리카공화국,75-79세,0,2026-05-31
남아프리카공화국,80-84세,0,2026-05-31
남아프리카공화국,85-89세,0,2026-05-31
남아프리카공화국,90-94세,0,2026-05-31
네덜란드,0-4세,0,2026-05-31
네덜란드,05-09세,0,2026-05-31
네덜란드,10-14세,0,2026-05-31
네덜란드,15-19세,0,2026-05-31
네덜란드,20-24세,0,2026-05-31
네덜란드,25-29세,0,2026-05-31
네덜란드,30-34세,0,2026-05-31
네덜란드,35-39세,0,2026-05-31
네덜란드,40-44세,3,2026-05-31
네덜란드,45-49세,0,2026-05-31
네덜란드,50-54세,0,2026-05-31
네덜란드,55-59세,0,2026-05-31
네덜란드,60-64세,0,2026-05-31
네덜란드,65-69세,1,2026-05-31
네덜란드,70-74세,1,2026-05-31
네덜란드,75-79세,1,2026-05-31
네덜란드,80-84세,1,2026-05-31
네덜란드,85-89세,0,2026-05-31
네덜란드,90-94세,0,2026-05-31
네팔,0-4세,8,2026-05-31
네팔,05-09세,2,2026-05-31
네팔,10-14세,2,2026-05-31
네팔,15-19세,0,2026-05-31
네팔,20-24세,130,2026-05-31
네팔,25-29세,282,2026-05-31
네팔,30-34세,406,2026-05-31
네팔,35-39세,488,2026-05-31
네팔,40-44세,175,2026-05-31
네팔,45-49세,22,2026-05-31
네팔,50-54세,2,2026-05-31
네팔,55-59세,0,2026-05-31
네팔,60-64세,0,2026-05-31
네팔,65-69세,0,2026-05-31
네팔,70-74세,0,2026-05-31
네팔,75-79세,0,2026-05-31
네팔,80-84세,0,2026-05-31
네팔,85-89세,0,2026-05-31
네팔,90-94세,0,2026-05-31
노르웨이,0-4세,0,2026-05-31
노르웨이,05-09세,0,2026-05-31
노르웨이,10-14세,0,2026-05-31
노르웨이,15-19세,0,2026-05-31
노르웨이,20-24세,0,2026-05-31
노르웨이,25-29세,1,2026-05-31
노르웨이,30-34세,2,2026-05-31
노르웨이,35-39세,2,2026-05-31
노르웨이,40-44세,0,2026-05-31
노르웨이,45-49세,3,2026-05-31
노르웨이,50-54세,2,2026-05-31
노르웨이,55-59세,0,2026-05-31
노르웨이,60-64세,6,2026-05-31
노르웨이,65-69세,0,2026-05-31
노르웨이,70-74세,1,2026-05-31
노르웨이,75-79세,0,2026-05-31
노르웨이,80-84세,0,2026-05-31
노르웨이,85-89세,0,2026-05-31
노르웨이,90-94세,0,2026-05-31
노르웨이,90-95세,1,2026-05-31
뉴질랜드,0-4세,0,2026-05-31
뉴질랜드,05-09세,0,2026-05-31
뉴질랜드,10-14세,0,2026-05-31
뉴질랜드,15-19세,0,2026-05-31
뉴질랜드,20-24세,0,2026-05-31
뉴질랜드,25-29세,0,2026-05-31
뉴질랜드,30-34세,0,2026-05-31
뉴질랜드,35-39세,1,2026-05-31
뉴질랜드,40-44세,0,2026-05-31
뉴질랜드,45-49세,1,2026-05-31
뉴질랜드,50-54세,3,2026-05-31
뉴질랜드,55-59세,1,2026-05-31
뉴질랜드,60-64세,0,2026-05-31
뉴질랜드,65-69세,1,2026-05-31
뉴질랜드,70-74세,0,2026-05-31
뉴질랜드,75-79세,0,2026-05-31
뉴질랜드,80-84세,0,2026-05-31
뉴질랜드,85-89세,0,2026-05-31
뉴질랜드,90-94세,0,2026-05-31
도미니카공화국,0-4세,0,2026-05-31
도미니카공화국,05-09세,0,2026-05-31
도미니카공화국,10-14세,0,2026-05-31
도미니카공화국,15-19세,0,2026-05-31
도미니카공화국,20-24세,0,2026-05-31
도미니카공화국,25-29세,0,2026-05-31
도미니카공화국,30-34세,0,2026-05-31
도미니카공화국,35-39세,0,2026-05-31
도미니카공화국,40-44세,1,2026-05-31
도미니카공화국,45-49세,0,2026-05-31
도미니카공화국,50-54세,1,2026-05-31
도미니카공화국,55-59세,0,2026-05-31
도미니카공화국,60-64세,0,2026-05-31
도미니카공화국,65-69세,0,2026-05-31
도미니카공화국,70-74세,0,2026-05-31
도미니카공화국,75-79세,0,2026-05-31
도미니카공화국,80-84세,0,2026-05-31
도미니카공화국,85-89세,0,2026-05-31
도미니카공화국,90-94세,0,2026-05-31
독일,0-4세,0,2026-05-31
독일,05-09세,0,2026-05-31
독일,10-14세,0,2026-05-31
독일,15-19세,0,2026-05-31
독일,20-24세,0,2026-05-31
독일,25-29세,0,2026-05-31
독일,30-34세,0,2026-05-31
독일,35-39세,0,2026-05-31
독일,40-44세,1,2026-05-31
독일,45-49세,0,2026-05-31
독일,50-54세,0,2026-05-31
독일,55-59세,1,2026-05-31
독일,60-64세,0,2026-05-31
독일,65-69세,0,2026-05-31
독일,70-74세,0,2026-05-31
독일,75-79세,0,2026-05-31
독일,80-84세,0,2026-05-31
독일,85-89세,0,2026-05-31
독일,90-94세,1,2026-05-31
라오스,0-4세,0,2026-05-31
라오스,05-09세,0,2026-05-31
라오스,10-14세,0,2026-05-31
라오스,15-19세,0,2026-05-31
라오스,20-24세,1,2026-05-31
라오스,25-29세,2,2026-05-31
라오스,30-34세,1,2026-05-31
라오스,35-39세,0,2026-05-31
라오스,40-44세,1,2026-05-31
라오스,45-49세,0,2026-05-31
라오스,50-54세,0,2026-05-31
라오스,55-59세,0,2026-05-31
라오스,60-64세,0,2026-05-31
라오스,65-69세,0,2026-05-31
라오스,70-74세,0,2026-05-31
라오스,75-79세,0,2026-05-31
라오스,80-84세,0,2026-05-31
라오스,85-89세,0,2026-05-31
라오스,90-94세,0,2026-05-31
라이베리아,0-4세,0,2026-05-31
라이베리아,05-09세,0,2026-05-31
라이베리아,10-14세,0,2026-05-31
라이베리아,15-19세,0,2026-05-31
라이베리아,20-24세,0,2026-05-31
라이베리아,25-29세,1,2026-05-31
라이베리아,30-34세,5,2026-05-31
라이베리아,35-39세,2,2026-05-31
라이베리아,40-44세,2,2026-05-31
라이베리아,45-49세,5,2026-05-31
라이베리아,50-54세,0,2026-05-31
라이베리아,55-59세,0,2026-05-31
라이베리아,60-64세,0,2026-05-31
라이베리아,65-69세,0,2026-05-31
라이베리아,70-74세,0,2026-05-31
라이베리아,75-79세,0,2026-05-31
라이베리아,80-84세,0,2026-05-31
라이베리아,85-89세,0,2026-05-31
라이베리아,90-94세,0,2026-05-31
라트비아,0-4세,0,2026-05-31
라트비아,05-09세,0,2026-05-31
라트비아,10-14세,0,2026-05-31
라트비아,15-19세,0,2026-05-31
라트비아,20-24세,0,2026-05-31
라트비아,25-29세,0,2026-05-31
라트비아,30-34세,0,2026-05-31
라트비아,35-39세,0,2026-05-31
라트비아,40-44세,1,2026-05-31
라트비아,45-49세,0,2026-05-31
라트비아,50-54세,2,2026-05-31
라트비아,55-59세,0,2026-05-31
라트비아,60-64세,0,2026-05-31
라트비아,65-69세,0,2026-05-31
라트비아,70-74세,0,2026-05-31
라트비아,75-79세,0,2026-05-31
라트비아,80-84세,0,2026-05-31
라트비아,85-89세,0,2026-05-31
라트비아,90-94세,0,2026-05-31
러시아(연방),0-4세,11,2026-05-31
러시아(연방),05-09세,11,2026-05-31
러시아(연방),10-14세,14,2026-05-31
러시아(연방),15-19세,7,2026-05-31
러시아(연방),20-24세,25,2026-05-31
러시아(연방),25-29세,53,2026-05-31
러시아(연방),30-34세,46,2026-05-31
러시아(연방),35-39세,37,2026-05-31
러시아(연방),40-44세,43,2026-05-31
러시아(연방),45-49세,18,2026-05-31
러시아(연방),50-54세,16,2026-05-31
러시아(연방),55-59세,4,2026-05-31
러시아(연방),60-64세,2,2026-05-31
러시아(연방),65-69세,1,2026-05-31
러시아(연방),70-74세,0,2026-05-31
러시아(연방),75-79세,1,2026-05-31
러시아(연방),80-84세,0,2026-05-31
러시아(연방),85-89세,0,2026-05-31
러시아(연방),90-94세,0,2026-05-31
루마니아,0-4세,0,2026-05-31
루마니아,05-09세,0,2026-05-31
루마니아,10-14세,0,2026-05-31
루마니아,15-19세,1,2026-05-31
루마니아,20-24세,0,2026-05-31
루마니아,25-29세,0,2026-05-31
루마니아,30-34세,3,2026-05-31
루마니아,35-39세,0,2026-05-31
루마니아,40-44세,0,2026-05-31
루마니아,45-49세,2,2026-05-31
루마니아,50-54세,1,2026-05-31
루마니아,55-59세,6,2026-05-31
루마니아,60-64세,0,2026-05-31
루마니아,65-69세,1,2026-05-31
루마니아,70-74세,1,2026-05-31
루마니아,75-79세,0,2026-05-31
루마니아,80-84세,0,2026-05-31
루마니아,85-89세,0,2026-05-31
루마니아,90-94세,0,2026-05-31
르완다,0-4세,0,2026-05-31
르완다,05-09세,0,2026-05-31
르완다,10-14세,0,2026-05-31
르완다,15-19세,0,2026-05-31
르완다,20-24세,0,2026-05-31
르완다,25-29세,9,2026-05-31
르완다,30-34세,14,2026-05-31
르완다,35-39세,27,2026-05-31
르완다,40-44세,13,2026-05-31
르완다,45-49세,7,2026-05-31
르완다,50-54세,3,2026-05-31
르완다,55-59세,1,2026-05-31
르완다,60-64세,0,2026-05-31
르완다,65-69세,0,2026-05-31
르완다,70-74세,0,2026-05-31
르완다,75-79세,0,2026-05-31
르완다,80-84세,0,2026-05-31
르완다,85-89세,0,2026-05-31
르완다,90-94세,0,2026-05-31
리비아,0-4세,0,2026-05-31
리비아,05-09세,0,2026-05-31
리비아,10-14세,0,2026-05-31
리비아,15-19세,0,2026-05-31
리비아,20-24세,0,2026-05-31
리비아,25-29세,7,2026-05-31
리비아,30-34세,4,2026-05-31
리비아,35-39세,1,2026-05-31
리비아,40-44세,2,2026-05-31
리비아,45-49세,0,2026-05-31
리비아,50-54세,0,2026-05-31
리비아,55-59세,0,2026-05-31
리비아,60-64세,0,2026-05-31
리비아,65-69세,0,2026-05-31
리비아,70-74세,0,2026-05-31
리비아,75-79세,0,2026-05-31
리비아,80-84세,0,2026-05-31
리비아,85-89세,0,2026-05-31
리비아,90-94세,0,2026-05-31
말레이시아,0-4세,17,2026-05-31
말레이시아,05-09세,31,2026-05-31
말레이시아,10-14세,30,2026-05-31
말레이시아,15-19세,4,2026-05-31
말레이시아,20-24세,0,2026-05-31
말레이시아,25-29세,16,2026-05-31
말레이시아,30-34세,15,2026-05-31
말레이시아,35-39세,48,2026-05-31
말레이시아,40-44세,44,2026-05-31
말레이시아,45-49세,27,2026-05-31
말레이시아,50-54세,13,2026-05-31
말레이시아,55-59세,5,2026-05-31
말레이시아,60-64세,4,2026-05-31
말레이시아,65-69세,1,2026-05-31
말레이시아,70-74세,0,2026-05-31
말레이시아,75-79세,0,2026-05-31
말레이시아,80-84세,0,2026-05-31
말레이시아,85-89세,0,2026-05-31
말레이시아,90-94세,0,2026-05-31
말리,0-4세,0,2026-05-31
말리,05-09세,0,2026-05-31
말리,10-14세,0,2026-05-31
말리,15-19세,0,2026-05-31
말리,20-24세,1,2026-05-31
말리,25-29세,3,2026-05-31
말리,30-34세,7,2026-05-31
말리,35-39세,2,2026-05-31
말리,40-44세,3,2026-05-31
말리,45-49세,0,2026-05-31
말리,50-54세,0,2026-05-31
말리,55-59세,0,2026-05-31
말리,60-64세,0,2026-05-31
말리,65-69세,0,2026-05-31
말리,70-74세,0,2026-05-31
말리,75-79세,0,2026-05-31
말리,80-84세,0,2026-05-31
말리,85-89세,0,2026-05-31
말리,90-94세,0,2026-05-31
멕시코,0-4세,0,2026-05-31
멕시코,05-09세,0,2026-05-31
멕시코,10-14세,0,2026-05-31
멕시코,15-19세,0,2026-05-31
멕시코,20-24세,0,2026-05-31
멕시코,25-29세,0,2026-05-31
멕시코,30-34세,1,2026-05-31
멕시코,35-39세,0,2026-05-31
멕시코,40-44세,1,2026-05-31
멕시코,45-49세,0,2026-05-31
멕시코,50-54세,0,2026-05-31
멕시코,55-59세,0,2026-05-31
멕시코,60-64세,0,2026-05-31
멕시코,65-69세,0,2026-05-31
멕시코,70-74세,0,2026-05-31
멕시코,75-79세,0,2026-05-31
멕시코,80-84세,0,2026-05-31
멕시코,85-89세,0,2026-05-31
멕시코,90-94세,0,2026-05-31
모로코,0-4세,0,2026-05-31
모로코,05-09세,0,2026-05-31
모로코,10-14세,0,2026-05-31
모로코,15-19세,0,2026-05-31
모로코,20-24세,1,2026-05-31
모로코,25-29세,9,2026-05-31
모로코,30-34세,10,2026-05-31
모로코,35-39세,2,2026-05-31
모로코,40-44세,2,2026-05-31
모로코,45-49세,0,2026-05-31
모로코,50-54세,0,2026-05-31
모로코,55-59세,0,2026-05-31
모로코,60-64세,0,2026-05-31
모로코,65-69세,0,2026-05-31
모로코,70-74세,0,2026-05-31
모로코,75-79세,0,2026-05-31
모로코,80-84세,0,2026-05-31
모로코,85-89세,0,2026-05-31
모로코,90-94세,0,2026-05-31
모잠비크,0-4세,0,2026-05-31
모잠비크,05-09세,0,2026-05-31
모잠비크,10-14세,0,2026-05-31
모잠비크,15-19세,1,2026-05-31
모잠비크,20-24세,0,2026-05-31
모잠비크,25-29세,0,2026-05-31
모잠비크,30-34세,0,2026-05-31
모잠비크,35-39세,1,2026-05-31
모잠비크,40-44세,1,2026-05-31
모잠비크,45-49세,0,2026-05-31
모잠비크,50-54세,0,2026-05-31
모잠비크,55-59세,0,2026-05-31
모잠비크,60-64세,0,2026-05-31
모잠비크,65-69세,0,2026-05-31
모잠비크,70-74세,0,2026-05-31
모잠비크,75-79세,0,2026-05-31
모잠비크,80-84세,0,2026-05-31
모잠비크,85-89세,0,2026-05-31
모잠비크,90-94세,0,2026-05-31
몽골,0-4세,0,2026-05-31
몽골,05-09세,5,2026-05-31
몽골,10-14세,2,2026-05-31
몽골,15-19세,1,2026-05-31
몽골,20-24세,6,2026-05-31
몽골,25-29세,6,2026-05-31
몽골,30-34세,3,2026-05-31
몽골,35-39세,8,2026-05-31
몽골,40-44세,8,2026-05-31
몽골,45-49세,2,2026-05-31
몽골,50-54세,2,2026-05-31
몽골,55-59세,0,2026-05-31
몽골,60-64세,0,2026-05-31
몽골,65-69세,0,2026-05-31
몽골,70-74세,0,2026-05-31
몽골,75-79세,0,2026-05-31
몽골,80-84세,0,2026-05-31
몽골,85-89세,0,2026-05-31
몽골,90-94세,0,2026-05-31
미국,0-4세,0,2026-05-31
미국,05-09세,3,2026-05-31
미국,10-14세,7,2026-05-31
미국,15-19세,1,2026-05-31
미국,20-24세,4,2026-05-31
미국,25-29세,9,2026-05-31
미국,30-34세,6,2026-05-31
미국,35-39세,10,2026-05-31
미국,40-44세,9,2026-05-31
미국,45-49세,6,2026-05-31
미국,50-54세,10,2026-05-31
미국,55-59세,8,2026-05-31
미국,60-64세,9,2026-05-31
미국,65-69세,9,2026-05-31
미국,70-74세,1,2026-05-31
미국,75-79세,2,2026-05-31
미국,80-84세,1,2026-05-31
미국,85-89세,0,2026-05-31
미국,90-94세,0,2026-05-31
미얀마,0-4세,3,2026-05-31
미얀마,05-09세,1,2026-05-31
미얀마,10-14세,0,2026-05-31
미얀마,15-19세,0,2026-05-31
미얀마,20-24세,27,2026-05-31
미얀마,25-29세,120,2026-05-31
미얀마,30-34세,263,2026-05-31
미얀마,35-39세,288,2026-05-31
미얀마,40-44세,134,2026-05-31
미얀마,45-49세,15,2026-05-31
미얀마,50-54세,1,2026-05-31
미얀마,55-59세,2,2026-05-31
미얀마,60-64세,0,2026-05-31
미얀마,65-69세,0,2026-05-31
미얀마,70-74세,0,2026-05-31
미얀마,75-79세,0,2026-05-31
미얀마,80-84세,0,2026-05-31
미얀마,85-89세,0,2026-05-31
미얀마,90-94세,0,2026-05-31
방글라데시,0-4세,4,2026-05-31
방글라데시,05-09세,4,2026-05-31
방글라데시,10-14세,3,2026-05-31
방글라데시,15-19세,0,2026-05-31
방글라데시,20-24세,70,2026-05-31
방글라데시,25-29세,82,2026-05-31
방글라데시,30-34세,57,2026-05-31
방글라데시,35-39세,38,2026-05-31
방글라데시,40-44세,30,2026-05-31
방글라데시,45-49세,1,2026-05-31
방글라데시,50-54세,1,2026-05-31
방글라데시,55-59세,0,2026-05-31
방글라데시,60-64세,0,2026-05-31
방글라데시,65-69세,0,2026-05-31
방글라데시,70-74세,0,2026-05-31
방글라데시,75-79세,0,2026-05-31
방글라데시,80-84세,0,2026-05-31
방글라데시,85-89세,0,2026-05-31
방글라데시,90-94세,0,2026-05-31
베네수엘라,0-4세,0,2026-05-31
베네수엘라,05-09세,0,2026-05-31
베네수엘라,10-14세,0,2026-05-31
베네수엘라,15-19세,0,2026-05-31
베네수엘라,20-24세,0,2026-05-31
베네수엘라,25-29세,0,2026-05-31
베네수엘라,30-34세,0,2026-05-31
베네수엘라,35-39세,0,2026-05-31
베네수엘라,40-44세,1,2026-05-31
베네수엘라,45-49세,0,2026-05-31
베네수엘라,50-54세,0,2026-05-31
베네수엘라,55-59세,1,2026-05-31
베네수엘라,60-64세,0,2026-05-31
베네수엘라,65-69세,0,2026-05-31
베네수엘라,70-74세,0,2026-05-31
베네수엘라,75-79세,0,2026-05-31
베네수엘라,80-84세,0,2026-05-31
베네수엘라,85-89세,0,2026-05-31
베네수엘라,90-94세,0,2026-05-31
베트남,0-4세,33,2026-05-31
베트남,05-09세,38,2026-05-31
베트남,10-14세,14,2026-05-31
베트남,15-19세,55,2026-05-31
베트남,20-24세,422,2026-05-31
베트남,25-29세,636,2026-05-31
베트남,30-34세,990,2026-05-31
베트남,35-39세,1057,2026-05-31
베트남,40-44세,529,2026-05-31
베트남,45-49세,121,2026-05-31
베트남,50-54세,49,2026-05-31
베트남,55-59세,57,2026-05-31
베트남,60-64세,33,2026-05-31
베트남,65-69세,10,2026-05-31
베트남,70-74세,3,2026-05-31
베트남,75-79세,0,2026-05-31
베트남,80-84세,0,2026-05-31
베트남,85-89세,0,2026-05-31
베트남,90-94세,0,2026-05-31
벨기에,0-4세,0,2026-05-31
벨기에,05-09세,0,2026-05-31
벨기에,10-14세,0,2026-05-31
벨기에,15-19세,0,2026-05-31
벨기에,20-24세,0,2026-05-31
벨기에,25-29세,0,2026-05-31
벨기에,30-34세,1,2026-05-31
벨기에,35-39세,0,2026-05-31
벨기에,40-44세,0,2026-05-31
벨기에,45-49세,0,2026-05-31
벨기에,50-54세,0,2026-05-31
벨기에,55-59세,1,2026-05-31
벨기에,60-64세,0,2026-05-31
벨기에,65-69세,1,2026-05-31
벨기에,70-74세,0,2026-05-31
벨기에,75-79세,0,2026-05-31
벨기에,80-84세,0,2026-05-31
벨기에,85-89세,0,2026-05-31
벨기에,90-94세,0,2026-05-31
벨라루스,0-4세,0,2026-05-31
벨라루스,05-09세,0,2026-05-31
벨라루스,10-14세,0,2026-05-31
벨라루스,15-19세,0,2026-05-31
벨라루스,20-24세,0,2026-05-31
벨라루스,25-29세,0,2026-05-31
벨라루스,30-34세,1,2026-05-31
벨라루스,35-39세,0,2026-05-31
벨라루스,40-44세,0,2026-05-31
벨라루스,45-49세,0,2026-05-31
벨라루스,50-54세,0,2026-05-31
벨라루스,55-59세,0,2026-05-31
벨라루스,60-64세,0,2026-05-31
벨라루스,65-69세,0,2026-05-31
벨라루스,70-74세,0,2026-05-31
벨라루스,75-79세,0,2026-05-31
벨라루스,80-84세,0,2026-05-31
벨라루스,85-89세,0,2026-05-31
벨라루스,90-94세,0,2026-05-31
부룬디,0-4세,1,2026-05-31
부룬디,05-09세,1,2026-05-31
부룬디,10-14세,0,2026-05-31
부룬디,15-19세,0,2026-05-31
부룬디,20-24세,0,2026-05-31
부룬디,25-29세,2,2026-05-31
부룬디,30-34세,3,2026-05-31
부룬디,35-39세,2,2026-05-31
부룬디,40-44세,0,2026-05-31
부룬디,45-49세,1,2026-05-31
부룬디,50-54세,0,2026-05-31
부룬디,55-59세,0,2026-05-31
부룬디,60-64세,0,2026-05-31
부룬디,65-69세,0,2026-05-31
부룬디,70-74세,0,2026-05-31
부룬디,75-79세,0,2026-05-31
부룬디,80-84세,0,2026-05-31
부룬디,85-89세,0,2026-05-31
부룬디,90-94세,0,2026-05-31
불가리아,0-4세,0,2026-05-31
불가리아,05-09세,0,2026-05-31
불가리아,10-14세,0,2026-05-31
불가리아,15-19세,0,2026-05-31
불가리아,20-24세,0,2026-05-31
불가리아,25-29세,0,2026-05-31
불가리아,30-34세,1,2026-05-31
불가리아,35-39세,0,2026-05-31
불가리아,40-44세,0,2026-05-31
불가리아,45-49세,2,2026-05-31
불가리아,50-54세,0,2026-05-31
불가리아,55-59세,0,2026-05-31
불가리아,60-64세,0,2026-05-31
불가리아,65-69세,0,2026-05-31
불가리아,70-74세,0,2026-05-31
불가리아,75-79세,0,2026-05-31
불가리아,80-84세,0,2026-05-31
불가리아,85-89세,0,2026-05-31
불가리아,90-94세,0,2026-05-31
브라질,0-4세,0,2026-05-31
브라질,05-09세,0,2026-05-31
브라질,10-14세,2,2026-05-31
브라질,15-19세,1,2026-05-31
브라질,20-24세,0,2026-05-31
브라질,25-29세,0,2026-05-31
브라질,30-34세,2,2026-05-31
브라질,35-39세,0,2026-05-31
브라질,40-44세,3,2026-05-31
브라질,45-49세,5,2026-05-31
브라질,50-54세,0,2026-05-31
브라질,55-59세,0,2026-05-31
브라질,60-64세,0,2026-05-31
브라질,65-69세,0,2026-05-31
브라질,70-74세,0,2026-05-31
브라질,75-79세,0,2026-05-31
브라질,80-84세,0,2026-05-31
브라질,85-89세,0,2026-05-31
브라질,90-94세,0,2026-05-31
세네갈,0-4세,0,2026-05-31
세네갈,05-09세,0,2026-05-31
세네갈,10-14세,0,2026-05-31
세네갈,15-19세,0,2026-05-31
세네갈,20-24세,0,2026-05-31
세네갈,25-29세,0,2026-05-31
세네갈,30-34세,0,2026-05-31
세네갈,35-39세,2,2026-05-31
세네갈,40-44세,1,2026-05-31
세네갈,45-49세,0,2026-05-31
세네갈,50-54세,0,2026-05-31
세네갈,55-59세,0,2026-05-31
세네갈,60-64세,0,2026-05-31
세네갈,65-69세,0,2026-05-31
세네갈,70-74세,0,2026-05-31
세네갈,75-79세,0,2026-05-31
세네갈,80-84세,0,2026-05-31
세네갈,85-89세,0,2026-05-31
세네갈,90-94세,0,2026-05-31
스리랑카,0-4세,19,2026-05-31
스리랑카,05-09세,26,2026-05-31
스리랑카,10-14세,25,2026-05-31
스리랑카,15-19세,10,2026-05-31
스리랑카,20-24세,46,2026-05-31
스리랑카,25-29세,145,2026-05-31
스리랑카,30-34세,225,2026-05-31
스리랑카,35-39세,274,2026-05-31
스리랑카,40-44세,258,2026-05-31
스리랑카,45-49세,120,2026-05-31
스리랑카,50-54세,10,2026-05-31
스리랑카,55-59세,2,2026-05-31
스리랑카,60-64세,0,2026-05-31
스리랑카,65-69세,0,2026-05-31
스리랑카,70-74세,0,2026-05-31
스리랑카,75-79세,0,2026-05-31
스리랑카,80-84세,0,2026-05-31
스리랑카,85-89세,0,2026-05-31
스리랑카,90-94세,0,2026-05-31
스웨덴,0-4세,0,2026-05-31
스웨덴,05-09세,0,2026-05-31
스웨덴,10-14세,0,2026-05-31
스웨덴,15-19세,0,2026-05-31
스웨덴,20-24세,0,2026-05-31
스웨덴,25-29세,1,2026-05-31
스웨덴,30-34세,0,2026-05-31
스웨덴,35-39세,0,2026-05-31
스웨덴,40-44세,0,2026-05-31
스웨덴,45-49세,0,2026-05-31
스웨덴,50-54세,0,2026-05-31
스웨덴,55-59세,0,2026-05-31
스웨덴,60-64세,0,2026-05-31
스웨덴,65-69세,0,2026-05-31
스웨덴,70-74세,0,2026-05-31
스웨덴,75-79세,0,2026-05-31
스웨덴,80-84세,1,2026-05-31
스웨덴,85-89세,0,2026-05-31
스웨덴,90-94세,0,2026-05-31
스위스,0-4세,0,2026-05-31
스위스,05-09세,0,2026-05-31
스위스,10-14세,0,2026-05-31
스위스,15-19세,0,2026-05-31
스위스,20-24세,0,2026-05-31
스위스,25-29세,0,2026-05-31
스위스,30-34세,0,2026-05-31
스위스,35-39세,0,2026-05-31
스위스,40-44세,0,2026-05-31
스위스,45-49세,0,2026-05-31
스위스,50-54세,1,2026-05-31
스위스,55-59세,0,2026-05-31
스위스,60-64세,0,2026-05-31
스위스,65-69세,0,2026-05-31
스위스,70-74세,0,2026-05-31
스위스,75-79세,0,2026-05-31
스위스,80-84세,0,2026-05-31
스위스,85-89세,0,2026-05-31
스위스,90-94세,0,2026-05-31
스페인,0-4세,0,2026-05-31
스페인,05-09세,0,2026-05-31
스페인,10-14세,0,2026-05-31
스페인,15-19세,0,2026-05-31
스페인,20-24세,0,2026-05-31
스페인,25-29세,0,2026-05-31
스페인,30-34세,0,2026-05-31
스페인,35-39세,0,2026-05-31
스페인,40-44세,1,2026-05-31
스페인,45-49세,0,2026-05-31
스페인,50-54세,0,2026-05-31
스페인,55-59세,0,2026-05-31
스페인,60-64세,0,2026-05-31
스페인,65-69세,0,2026-05-31
스페인,70-74세,0,2026-05-31
스페인,75-79세,0,2026-05-31
스페인,80-84세,0,2026-05-31
스페인,85-89세,0,2026-05-31
스페인,90-94세,0,2026-05-31
시리아,0-4세,0,2026-05-31
시리아,05-09세,0,2026-05-31
시리아,10-14세,0,2026-05-31
시리아,15-19세,0,2026-05-31
시리아,20-24세,0,2026-05-31
시리아,25-29세,0,2026-05-31
시리아,30-34세,0,2026-05-31
시리아,35-39세,0,2026-05-31
시리아,40-44세,1,2026-05-31
시리아,45-49세,0,2026-05-31
시리아,50-54세,0,2026-05-31
시리아,55-59세,0,2026-05-31
시리아,60-64세,0,2026-05-31
시리아,65-69세,0,2026-05-31
시리아,70-74세,0,2026-05-31
시리아,75-79세,0,2026-05-31
시리아,80-84세,0,2026-05-31
시리아,85-89세,0,2026-05-31
시리아,90-94세,0,2026-05-31
싱가포르,0-4세,0,2026-05-31
싱가포르,05-09세,0,2026-05-31
싱가포르,10-14세,0,2026-05-31
싱가포르,15-19세,0,2026-05-31
싱가포르,20-24세,0,2026-05-31
싱가포르,25-29세,0,2026-05-31
싱가포르,30-34세,0,2026-05-31
싱가포르,35-39세,0,2026-05-31
싱가포르,40-44세,0,2026-05-31
싱가포르,45-49세,4,2026-05-31
싱가포르,50-54세,0,2026-05-31
싱가포르,55-59세,2,2026-05-31
싱가포르,60-64세,0,2026-05-31
싱가포르,65-69세,0,2026-05-31
싱가포르,70-74세,0,2026-05-31
싱가포르,75-79세,0,2026-05-31
싱가포르,80-84세,0,2026-05-31
싱가포르,85-89세,0,2026-05-31
싱가포르,90-94세,0,2026-05-31
아이티,0-4세,1,2026-05-31
아이티,05-09세,0,2026-05-31
아이티,10-14세,0,2026-05-31
아이티,15-19세,0,2026-05-31
아이티,20-24세,0,2026-05-31
아이티,25-29세,9,2026-05-31
아이티,30-34세,11,2026-05-31
아이티,35-39세,5,2026-05-31
아이티,40-44세,5,2026-05-31
아이티,45-49세,2,2026-05-31
아이티,50-54세,0,2026-05-31
아이티,55-59세,0,2026-05-31
아이티,60-64세,0,2026-05-31
아이티,65-69세,0,2026-05-31
아이티,70-74세,0,2026-05-31
아이티,75-79세,0,2026-05-31
아이티,80-84세,0,2026-05-31
아이티,85-89세,0,2026-05-31
아이티,90-94세,0,2026-05-31
아일랜드,0-4세,0,2026-05-31
아일랜드,05-09세,0,2026-05-31
아일랜드,10-14세,0,2026-05-31
아일랜드,15-19세,0,2026-05-31
아일랜드,20-24세,0,2026-05-31
아일랜드,25-29세,0,2026-05-31
아일랜드,30-34세,0,2026-05-31
아일랜드,35-39세,2,2026-05-31
아일랜드,40-44세,2,2026-05-31
아일랜드,45-49세,0,2026-05-31
아일랜드,50-54세,1,2026-05-31
아일랜드,55-59세,0,2026-05-31
아일랜드,60-64세,0,2026-05-31
아일랜드,65-69세,0,2026-05-31
아일랜드,70-74세,0,2026-05-31
아일랜드,75-79세,0,2026-05-31
아일랜드,80-84세,0,2026-05-31
아일랜드,85-89세,0,2026-05-31
아일랜드,90-94세,0,2026-05-31
알제리,0-4세,0,2026-05-31
알제리,05-09세,0,2026-05-31
알제리,10-14세,0,2026-05-31
알제리,15-19세,0,2026-05-31
알제리,20-24세,0,2026-05-31
알제리,25-29세,1,2026-05-31
알제리,30-34세,1,2026-05-31
알제리,35-39세,3,2026-05-31
알제리,40-44세,1,2026-05-31
알제리,45-49세,1,2026-05-31
알제리,50-54세,0,2026-05-31
알제리,55-59세,0,2026-05-31
알제리,60-64세,0,2026-05-31
알제리,65-69세,0,2026-05-31
알제리,70-74세,0,2026-05-31
알제리,75-79세,0,2026-05-31
알제리,80-84세,0,2026-05-31
알제리,85-89세,0,2026-05-31
알제리,90-94세,0,2026-05-31
에스토니아,0-4세,0,2026-05-31
에스토니아,05-09세,0,2026-05-31
에스토니아,10-14세,0,2026-05-31
에스토니아,15-19세,0,2026-05-31
에스토니아,20-24세,0,2026-05-31
에스토니아,25-29세,0,2026-05-31
에스토니아,30-34세,0,2026-05-31
에스토니아,35-39세,0,2026-05-31
에스토니아,40-44세,1,2026-05-31
에스토니아,45-49세,0,2026-05-31
에스토니아,50-54세,0,2026-05-31
에스토니아,55-59세,0,2026-05-31
에스토니아,60-64세,0,2026-05-31
에스토니아,65-69세,0,2026-05-31
에스토니아,70-74세,0,2026-05-31
에스토니아,75-79세,0,2026-05-31
에스토니아,80-84세,0,2026-05-31
에스토니아,85-89세,0,2026-05-31
에스토니아,90-94세,0,2026-05-31
에콰도르,0-4세,0,2026-05-31
에콰도르,05-09세,0,2026-05-31
에콰도르,10-14세,0,2026-05-31
에콰도르,15-19세,0,2026-05-31
에콰도르,20-24세,0,2026-05-31
에콰도르,25-29세,0,2026-05-31
에콰도르,30-34세,0,2026-05-31
에콰도르,35-39세,0,2026-05-31
에콰도르,40-44세,0,2026-05-31
에콰도르,45-49세,0,2026-05-31
에콰도르,50-54세,0,2026-05-31
에콰도르,55-59세,1,2026-05-31
에콰도르,60-64세,0,2026-05-31
에콰도르,65-69세,0,2026-05-31
에콰도르,70-74세,1,2026-05-31
에콰도르,75-79세,0,2026-05-31
에콰도르,80-84세,0,2026-05-31
에콰도르,85-89세,0,2026-05-31
에콰도르,90-94세,0,2026-05-31
에티오피아,0-4세,0,2026-05-31
에티오피아,05-09세,0,2026-05-31
에티오피아,10-14세,0,2026-05-31
에티오피아,15-19세,0,2026-05-31
에티오피아,20-24세,0,2026-05-31
에티오피아,25-29세,0,2026-05-31
에티오피아,30-34세,1,2026-05-31
에티오피아,35-39세,0,2026-05-31
에티오피아,40-44세,0,2026-05-31
에티오피아,45-49세,0,2026-05-31
에티오피아,50-54세,1,2026-05-31
에티오피아,55-59세,0,2026-05-31
에티오피아,60-64세,0,2026-05-31
에티오피아,65-69세,0,2026-05-31
에티오피아,70-74세,0,2026-05-31
에티오피아,75-79세,0,2026-05-31
에티오피아,80-84세,0,2026-05-31
에티오피아,85-89세,0,2026-05-31
에티오피아,90-94세,0,2026-05-31
영국,0-4세,0,2026-05-31
영국,05-09세,1,2026-05-31
영국,10-14세,1,2026-05-31
영국,15-19세,0,2026-05-31
영국,20-24세,1,2026-05-31
영국,25-29세,4,2026-05-31
영국,30-34세,8,2026-05-31
영국,35-39세,4,2026-05-31
영국,40-44세,7,2026-05-31
영국,45-49세,5,2026-05-31
영국,50-54세,6,2026-05-31
영국,55-59세,12,2026-05-31
영국,60-64세,9,2026-05-31
영국,65-69세,9,2026-05-31
영국,70-74세,6,2026-05-31
영국,75-79세,2,2026-05-31
영국,80-84세,0,2026-05-31
영국,85-89세,1,2026-05-31
영국,90-94세,0,2026-05-31
예멘공화국,0-4세,2,2026-05-31
예멘공화국,05-09세,3,2026-05-31
예멘공화국,10-14세,0,2026-05-31
예멘공화국,15-19세,0,2026-05-31
예멘공화국,20-24세,0,2026-05-31
예멘공화국,25-29세,1,2026-05-31
예멘공화국,30-34세,4,2026-05-31
예멘공화국,35-39세,5,2026-05-31
예멘공화국,40-44세,3,2026-05-31
예멘공화국,45-49세,1,2026-05-31
예멘공화국,50-54세,0,2026-05-31
예멘공화국,55-59세,0,2026-05-31
예멘공화국,60-64세,0,2026-05-31
예멘공화국,65-69세,0,2026-05-31
예멘공화국,70-74세,0,2026-05-31
예멘공화국,75-79세,0,2026-05-31
예멘공화국,80-84세,0,2026-05-31
예멘공화국,85-89세,0,2026-05-31
예멘공화국,90-94세,0,2026-05-31
오스트레일리아,0-4세,0,2026-05-31
오스트레일리아,05-09세,1,2026-05-31
오스트레일리아,10-14세,4,2026-05-31
오스트레일리아,15-19세,0,2026-05-31
오스트레일리아,20-24세,0,2026-05-31
오스트레일리아,25-29세,0,2026-05-31
오스트레일리아,30-34세,1,2026-05-31
오스트레일리아,35-39세,3,2026-05-31
오스트레일리아,40-44세,3,2026-05-31
오스트레일리아,45-49세,1,2026-05-31
오스트레일리아,50-54세,2,2026-05-31
오스트레일리아,55-59세,4,2026-05-31
오스트레일리아,60-64세,2,2026-05-31
오스트레일리아,65-69세,2,2026-05-31
오스트레일리아,70-74세,0,2026-05-31
오스트레일리아,75-79세,1,2026-05-31
오스트레일리아,80-84세,0,2026-05-31
오스트레일리아,85-89세,0,2026-05-31
오스트레일리아,90-94세,0,2026-05-31
우간다,0-4세,0,2026-05-31
우간다,05-09세,0,2026-05-31
우간다,10-14세,0,2026-05-31
우간다,15-19세,0,2026-05-31
우간다,20-24세,0,2026-05-31
우간다,25-29세,0,2026-05-31
우간다,30-34세,0,2026-05-31
우간다,35-39세,0,2026-05-31
우간다,40-44세,0,2026-05-31
우간다,45-49세,0,2026-05-31
우간다,50-54세,1,2026-05-31
우간다,55-59세,0,2026-05-31
우간다,60-64세,0,2026-05-31
우간다,65-69세,0,2026-05-31
우간다,70-74세,0,2026-05-31
우간다,75-79세,0,2026-05-31
우간다,80-84세,0,2026-05-31
우간다,85-89세,0,2026-05-31
우간다,90-94세,0,2026-05-31
우즈베키스탄,0-4세,154,2026-05-31
우즈베키스탄,05-09세,88,2026-05-31
우즈베키스탄,10-14세,16,2026-05-31
우즈베키스탄,15-19세,14,2026-05-31
우즈베키스탄,20-24세,108,2026-05-31
우즈베키스탄,25-29세,276,2026-05-31
우즈베키스탄,30-34세,407,2026-05-31
우즈베키스탄,35-39세,300,2026-05-31
우즈베키스탄,40-44세,206,2026-05-31
우즈베키스탄,45-49세,63,2026-05-31
우즈베키스탄,50-54세,20,2026-05-31
우즈베키스탄,55-59세,8,2026-05-31
우즈베키스탄,60-64세,3,2026-05-31
우즈베키스탄,65-69세,1,2026-05-31
우즈베키스탄,70-74세,0,2026-05-31
우즈베키스탄,75-79세,0,2026-05-31
우즈베키스탄,80-84세,0,2026-05-31
우즈베키스탄,85-89세,0,2026-05-31
우즈베키스탄,90-94세,0,2026-05-31
우크라이나,0-4세,0,2026-05-31
우크라이나,05-09세,1,2026-05-31
우크라이나,10-14세,2,2026-05-31
우크라이나,15-19세,2,2026-05-31
우크라이나,20-24세,0,2026-05-31
우크라이나,25-29세,2,2026-05-31
우크라이나,30-34세,0,2026-05-31
우크라이나,35-39세,2,2026-05-31
우크라이나,40-44세,1,2026-05-31
우크라이나,45-49세,2,2026-05-31
우크라이나,50-54세,2,2026-05-31
우크라이나,55-59세,1,2026-05-31
우크라이나,60-64세,0,2026-05-31
우크라이나,65-69세,0,2026-05-31
우크라이나,70-74세,1,2026-05-31
우크라이나,75-79세,0,2026-05-31
우크라이나,80-84세,0,2026-05-31
우크라이나,85-89세,0,2026-05-31
우크라이나,90-94세,0,2026-05-31
이라크,0-4세,0,2026-05-31
이라크,05-09세,0,2026-05-31
이라크,10-14세,0,2026-05-31
이라크,15-19세,0,2026-05-31
이라크,20-24세,0,2026-05-31
이라크,25-29세,1,2026-05-31
이라크,30-34세,0,2026-05-31
이라크,35-39세,0,2026-05-31
이라크,40-44세,0,2026-05-31
이라크,45-49세,0,2026-05-31
이라크,50-54세,0,2026-05-31
이라크,55-59세,0,2026-05-31
이라크,60-64세,0,2026-05-31
이라크,65-69세,0,2026-05-31
이라크,70-74세,0,2026-05-31
이라크,75-79세,0,2026-05-31
이라크,80-84세,0,2026-05-31
이라크,85-89세,0,2026-05-31
이라크,90-94세,0,2026-05-31
이란,0-4세,0,2026-05-31
이란,05-09세,0,2026-05-31
이란,10-14세,0,2026-05-31
이란,15-19세,2,2026-05-31
이란,20-24세,0,2026-05-31
이란,25-29세,0,2026-05-31
이란,30-34세,0,2026-05-31
이란,35-39세,0,2026-05-31
이란,40-44세,1,2026-05-31
이란,45-49세,0,2026-05-31
이란,50-54세,0,2026-05-31
이란,55-59세,3,2026-05-31
이란,60-64세,0,2026-05-31
이란,65-69세,0,2026-05-31
이란,70-74세,0,2026-05-31
이란,75-79세,0,2026-05-31
이란,80-84세,0,2026-05-31
이란,85-89세,0,2026-05-31
이란,90-94세,0,2026-05-31
이집트,0-4세,0,2026-05-31
이집트,05-09세,1,2026-05-31
이집트,10-14세,1,2026-05-31
이집트,15-19세,2,2026-05-31
이집트,20-24세,0,2026-05-31
이집트,25-29세,1,2026-05-31
이집트,30-34세,2,2026-05-31
이집트,35-39세,3,2026-05-31
이집트,40-44세,1,2026-05-31
이집트,45-49세,2,2026-05-31
이집트,50-54세,1,2026-05-31
이집트,55-59세,1,2026-05-31
이집트,60-64세,0,2026-05-31
이집트,65-69세,0,2026-05-31
이집트,70-74세,0,2026-05-31
이집트,75-79세,0,2026-05-31
이집트,80-84세,0,2026-05-31
이집트,85-89세,0,2026-05-31
이집트,90-94세,0,2026-05-31
이탈리아,0-4세,1,2026-05-31
이탈리아,05-09세,3,2026-05-31
이탈리아,10-14세,1,2026-05-31
이탈리아,15-19세,0,2026-05-31
이탈리아,20-24세,0,2026-05-31
이탈리아,25-29세,0,2026-05-31
이탈리아,30-34세,4,2026-05-31
이탈리아,35-39세,4,2026-05-31
이탈리아,40-44세,6,2026-05-31
이탈리아,45-49세,4,2026-05-31
이탈리아,50-54세,6,2026-05-31
이탈리아,55-59세,4,2026-05-31
이탈리아,60-64세,0,2026-05-31
이탈리아,65-69세,0,2026-05-31
이탈리아,70-74세,1,2026-05-31
이탈리아,75-79세,0,2026-05-31
이탈리아,80-84세,0,2026-05-31
이탈리아,85-89세,0,2026-05-31
이탈리아,90-94세,0,2026-05-31
인도,0-4세,9,2026-05-31
인도,05-09세,10,2026-05-31
인도,10-14세,16,2026-05-31
인도,15-19세,17,2026-05-31
인도,20-24세,2,2026-05-31
인도,25-29세,26,2026-05-31
인도,30-34세,36,2026-05-31
인도,35-39세,48,2026-05-31
인도,40-44세,40,2026-05-31
인도,45-49세,43,2026-05-31
인도,50-54세,18,2026-05-31
인도,55-59세,6,2026-05-31
인도,60-64세,0,2026-05-31
인도,65-69세,0,2026-05-31
인도,70-74세,2,2026-05-31
인도,75-79세,1,2026-05-31
인도,80-84세,0,2026-05-31
인도,85-89세,0,2026-05-31
인도,90-94세,0,2026-05-31
인도네시아,0-4세,9,2026-05-31
인도네시아,05-09세,8,2026-05-31
인도네시아,10-14세,2,2026-05-31
인도네시아,15-19세,0,2026-05-31
인도네시아,20-24세,278,2026-05-31
인도네시아,25-29세,662,2026-05-31
인도네시아,30-34세,566,2026-05-31
인도네시아,35-39세,463,2026-05-31
인도네시아,40-44세,206,2026-05-31
인도네시아,45-49세,58,2026-05-31
인도네시아,50-54세,15,2026-05-31
인도네시아,55-59세,3,2026-05-31
인도네시아,60-64세,1,2026-05-31
인도네시아,65-69세,0,2026-05-31
인도네시아,70-74세,0,2026-05-31
인도네시아,75-79세,0,2026-05-31
인도네시아,80-84세,0,2026-05-31
인도네시아,85-89세,0,2026-05-31
인도네시아,90-94세,0,2026-05-31
일본,0-4세,4,2026-05-31
일본,05-09세,7,2026-05-31
일본,10-14세,3,2026-05-31
일본,15-19세,0,2026-05-31
일본,20-24세,1,2026-05-31
일본,25-29세,25,2026-05-31
일본,30-34세,24,2026-05-31
일본,35-39세,11,2026-05-31
일본,40-44세,16,2026-05-31
일본,45-49세,12,2026-05-31
일본,50-54세,10,2026-05-31
일본,55-59세,11,2026-05-31
일본,60-64세,10,2026-05-31
일본,65-69세,2,2026-05-31
일본,70-74세,2,2026-05-31
일본,75-79세,2,2026-05-31
일본,80-84세,0,2026-05-31
일본,85-89세,0,2026-05-31
일본,90-94세,0,2026-05-31
중국,0-4세,4,2026-05-31
중국,05-09세,28,2026-05-31
중국,10-14세,17,2026-05-31
중국,15-19세,12,2026-05-31
중국,20-24세,5,2026-05-31
중국,25-29세,6,2026-05-31
중국,30-34세,12,2026-05-31
중국,35-39세,42,2026-05-31
중국,40-44세,52,2026-05-31
중국,45-49세,56,2026-05-31
중국,50-54세,53,2026-05-31
중국,55-59세,45,2026-05-31
중국,60-64세,15,2026-05-31
중국,65-69세,5,2026-05-31
중국,70-74세,3,2026-05-31
중국,75-79세,3,2026-05-31
중국,80-84세,0,2026-05-31
중국,85-89세,0,2026-05-31
중국,90-94세,0,2026-05-31
지부티,0-4세,0,2026-05-31
지부티,05-09세,1,2026-05-31
지부티,10-14세,1,2026-05-31
지부티,15-19세,0,2026-05-31
지부티,20-24세,0,2026-05-31
지부티,25-29세,0,2026-05-31
지부티,30-34세,1,2026-05-31
지부티,35-39세,0,2026-05-31
지부티,40-44세,0,2026-05-31
지부티,45-49세,0,2026-05-31
지부티,50-54세,0,2026-05-31
지부티,55-59세,0,2026-05-31
지부티,60-64세,0,2026-05-31
지부티,65-69세,0,2026-05-31
지부티,70-74세,0,2026-05-31
지부티,75-79세,0,2026-05-31
지부티,80-84세,0,2026-05-31
지부티,85-89세,0,2026-05-31
지부티,90-94세,0,2026-05-31
카메룬,0-4세,0,2026-05-31
카메룬,05-09세,0,2026-05-31
카메룬,10-14세,0,2026-05-31
카메룬,15-19세,0,2026-05-31
카메룬,20-24세,0,2026-05-31
카메룬,25-29세,0,2026-05-31
카메룬,30-34세,2,2026-05-31
카메룬,35-39세,0,2026-05-31
카메룬,40-44세,0,2026-05-31
카메룬,45-49세,0,2026-05-31
카메룬,50-54세,0,2026-05-31
카메룬,55-59세,0,2026-05-31
카메룬,60-64세,0,2026-05-31
카메룬,65-69세,0,2026-05-31
카메룬,70-74세,0,2026-05-31
카메룬,75-79세,0,2026-05-31
카메룬,80-84세,0,2026-05-31
카메룬,85-89세,0,2026-05-31
카메룬,90-94세,0,2026-05-31
카자흐스탄,0-4세,3,2026-05-31
카자흐스탄,05-09세,15,2026-05-31
카자흐스탄,10-14세,13,2026-05-31
카자흐스탄,15-19세,9,2026-05-31
카자흐스탄,20-24세,13,2026-05-31
카자흐스탄,25-29세,31,2026-05-31
카자흐스탄,30-34세,23,2026-05-31
카자흐스탄,35-39세,9,2026-05-31
카자흐스탄,40-44세,12,2026-05-31
카자흐스탄,45-49세,5,2026-05-31
카자흐스탄,50-54세,1,2026-05-31
카자흐스탄,55-59세,1,2026-05-31
카자흐스탄,60-64세,0,2026-05-31
카자흐스탄,65-69세,0,2026-05-31
카자흐스탄,70-74세,0,2026-05-31
카자흐스탄,75-79세,0,2026-05-31
카자흐스탄,80-84세,0,2026-05-31
카자흐스탄,85-89세,0,2026-05-31
카자흐스탄,90-94세,0,2026-05-31
카타르,0-4세,0,2026-05-31
카타르,05-09세,0,2026-05-31
카타르,10-14세,0,2026-05-31
카타르,15-19세,0,2026-05-31
카타르,20-24세,0,2026-05-31
카타르,25-29세,0,2026-05-31
카타르,30-34세,2,2026-05-31
카타르,35-39세,0,2026-05-31
카타르,40-44세,0,2026-05-31
카타르,45-49세,0,2026-05-31
카타르,50-54세,0,2026-05-31
카타르,55-59세,0,2026-05-31
카타르,60-64세,0,2026-05-31
카타르,65-69세,0,2026-05-31
카타르,70-74세,0,2026-05-31
카타르,75-79세,0,2026-05-31
카타르,80-84세,0,2026-05-31
카타르,85-89세,0,2026-05-31
카타르,90-94세,0,2026-05-31
캄보디아,0-4세,0,2026-05-31
캄보디아,05-09세,0,2026-05-31
캄보디아,10-14세,0,2026-05-31
캄보디아,15-19세,0,2026-05-31
캄보디아,20-24세,61,2026-05-31
캄보디아,25-29세,77,2026-05-31
캄보디아,30-34세,82,2026-05-31
캄보디아,35-39세,74,2026-05-31
캄보디아,40-44세,25,2026-05-31
캄보디아,45-49세,4,2026-05-31
캄보디아,50-54세,0,2026-05-31
캄보디아,55-59세,2,2026-05-31
캄보디아,60-64세,2,2026-05-31
캄보디아,65-69세,0,2026-05-31
캄보디아,70-74세,0,2026-05-31
캄보디아,75-79세,0,2026-05-31
캄보디아,80-84세,0,2026-05-31
캄보디아,85-89세,0,2026-05-31
캄보디아,90-94세,0,2026-05-31
캐나다,0-4세,0,2026-05-31
캐나다,05-09세,0,2026-05-31
캐나다,10-14세,2,2026-05-31
캐나다,15-19세,1,2026-05-31
캐나다,20-24세,0,2026-05-31
캐나다,25-29세,0,2026-05-31
캐나다,30-34세,0,2026-05-31
캐나다,35-39세,1,2026-05-31
캐나다,40-44세,3,2026-05-31
캐나다,45-49세,7,2026-05-31
캐나다,50-54세,4,2026-05-31
캐나다,55-59세,1,2026-05-31
캐나다,60-64세,2,2026-05-31
캐나다,65-69세,3,2026-05-31
캐나다,70-74세,3,2026-05-31
캐나다,75-79세,0,2026-05-31
캐나다,80-84세,0,2026-05-31
캐나다,85-89세,0,2026-05-31
캐나다,90-94세,0,2026-05-31
케냐,0-4세,0,2026-05-31
케냐,05-09세,0,2026-05-31
케냐,10-14세,0,2026-05-31
케냐,15-19세,0,2026-05-31
케냐,20-24세,0,2026-05-31
케냐,25-29세,0,2026-05-31
케냐,30-34세,1,2026-05-31
케냐,35-39세,0,2026-05-31
케냐,40-44세,0,2026-05-31
케냐,45-49세,0,2026-05-31
케냐,50-54세,0,2026-05-31
케냐,55-59세,0,2026-05-31
케냐,60-64세,0,2026-05-31
케냐,65-69세,0,2026-05-31
케냐,70-74세,0,2026-05-31
케냐,75-79세,0,2026-05-31
케냐,80-84세,0,2026-05-31
케냐,85-89세,0,2026-05-31
케냐,90-94세,0,2026-05-31
코트디부아르,0-4세,0,2026-05-31
코트디부아르,05-09세,0,2026-05-31
코트디부아르,10-14세,0,2026-05-31
코트디부아르,15-19세,0,2026-05-31
코트디부아르,20-24세,0,2026-05-31
코트디부아르,25-29세,1,2026-05-31
코트디부아르,30-34세,0,2026-05-31
코트디부아르,35-39세,0,2026-05-31
코트디부아르,40-44세,0,2026-05-31
코트디부아르,45-49세,0,2026-05-31
코트디부아르,50-54세,0,2026-05-31
코트디부아르,55-59세,0,2026-05-31
코트디부아르,60-64세,0,2026-05-31
코트디부아르,65-69세,0,2026-05-31
코트디부아르,70-74세,0,2026-05-31
코트디부아르,75-79세,0,2026-05-31
코트디부아르,80-84세,0,2026-05-31
코트디부아르,85-89세,0,2026-05-31
코트디부아르,90-94세,0,2026-05-31
콜롬비아,0-4세,0,2026-05-31
콜롬비아,05-09세,0,2026-05-31
콜롬비아,10-14세,0,2026-05-31
콜롬비아,15-19세,1,2026-05-31
콜롬비아,20-24세,0,2026-05-31
콜롬비아,25-29세,0,2026-05-31
콜롬비아,30-34세,0,2026-05-31
콜롬비아,35-39세,1,2026-05-31
콜롬비아,40-44세,0,2026-05-31
콜롬비아,45-49세,0,2026-05-31
콜롬비아,50-54세,1,2026-05-31
콜롬비아,55-59세,0,2026-05-31
콜롬비아,60-64세,0,2026-05-31
콜롬비아,65-69세,0,2026-05-31
콜롬비아,70-74세,0,2026-05-31
콜롬비아,75-79세,0,2026-05-31
콜롬비아,80-84세,0,2026-05-31
콜롬비아,85-89세,0,2026-05-31
콜롬비아,90-94세,0,2026-05-31
크로아티아,0-4세,0,2026-05-31
크로아티아,05-09세,0,2026-05-31
크로아티아,10-14세,0,2026-05-31
크로아티아,15-19세,1,2026-05-31
크로아티아,20-24세,1,2026-05-31
크로아티아,25-29세,0,2026-05-31
크로아티아,30-34세,0,2026-05-31
크로아티아,35-39세,0,2026-05-31
크로아티아,40-44세,0,2026-05-31
크로아티아,45-49세,2,2026-05-31
크로아티아,50-54세,2,2026-05-31
크로아티아,55-59세,3,2026-05-31
크로아티아,60-64세,1,2026-05-31
크로아티아,65-69세,0,2026-05-31
크로아티아,70-74세,0,2026-05-31
크로아티아,75-79세,0,2026-05-31
크로아티아,80-84세,0,2026-05-31
크로아티아,85-89세,0,2026-05-31
크로아티아,90-94세,0,2026-05-31
키르기즈,0-4세,2,2026-05-31
키르기즈,05-09세,0,2026-05-31
키르기즈,10-14세,0,2026-05-31
키르기즈,15-19세,0,2026-05-31
키르기즈,20-24세,2,2026-05-31
키르기즈,25-29세,5,2026-05-31
키르기즈,30-34세,8,2026-05-31
키르기즈,35-39세,8,2026-05-31
키르기즈,40-44세,1,2026-05-31
키르기즈,45-49세,4,2026-05-31
키르기즈,50-54세,0,2026-05-31
키르기즈,55-59세,1,2026-05-31
키르기즈,60-64세,0,2026-05-31
키르기즈,65-69세,0,2026-05-31
키르기즈,70-74세,0,2026-05-31
키르기즈,75-79세,0,2026-05-31
키르기즈,80-84세,0,2026-05-31
키르기즈,85-89세,0,2026-05-31
키르기즈,90-94세,0,2026-05-31
타이,0-4세,0,2026-05-31
타이,05-09세,0,2026-05-31
타이,10-14세,1,2026-05-31
타이,15-19세,1,2026-05-31
타이,20-24세,11,2026-05-31
타이,25-29세,86,2026-05-31
타이,30-34세,156,2026-05-31
타이,35-39세,155,2026-05-31
타이,40-44세,136,2026-05-31
타이,45-49세,98,2026-05-31
타이,50-54세,73,2026-05-31
타이,55-59세,7,2026-05-31
타이,60-64세,0,2026-05-31
타이,65-69세,1,2026-05-31
타이,70-74세,0,2026-05-31
타이,75-79세,1,2026-05-31
타이,80-84세,0,2026-05-31
타이,85-89세,0,2026-05-31
타이,90-94세,0,2026-05-31
타이완,0-4세,0,2026-05-31
타이완,05-09세,0,2026-05-31
타이완,10-14세,1,2026-05-31
타이완,15-19세,0,2026-05-31
타이완,20-24세,1,2026-05-31
타이완,25-29세,8,2026-05-31
타이완,30-34세,4,2026-05-31
타이완,35-39세,8,2026-05-31
타이완,40-44세,3,2026-05-31
타이완,45-49세,5,2026-05-31
타이완,50-54세,1,2026-05-31
타이완,55-59세,3,2026-05-31
타이완,60-64세,2,2026-05-31
타이완,65-69세,0,2026-05-31
타이완,70-74세,1,2026-05-31
타이완,75-79세,1,2026-05-31
타이완,80-84세,0,2026-05-31
타이완,85-89세,0,2026-05-31
타이완,90-94세,0,2026-05-31
타지키스탄,0-4세,3,2026-05-31
타지키스탄,05-09세,1,2026-05-31
타지키스탄,10-14세,0,2026-05-31
타지키스탄,15-19세,0,2026-05-31
타지키스탄,20-24세,2,2026-05-31
타지키스탄,25-29세,3,2026-05-31
타지키스탄,30-34세,1,2026-05-31
타지키스탄,35-39세,5,2026-05-31
타지키스탄,40-44세,3,2026-05-31
타지키스탄,45-49세,0,2026-05-31
타지키스탄,50-54세,0,2026-05-31
타지키스탄,55-59세,0,2026-05-31
타지키스탄,60-64세,0,2026-05-31
타지키스탄,65-69세,0,2026-05-31
타지키스탄,70-74세,0,2026-05-31
타지키스탄,75-79세,0,2026-05-31
타지키스탄,80-84세,0,2026-05-31
타지키스탄,85-89세,0,2026-05-31
타지키스탄,90-94세,0,2026-05-31
탄자니아,0-4세,1,2026-05-31
탄자니아,05-09세,0,2026-05-31
탄자니아,10-14세,0,2026-05-31
탄자니아,15-19세,0,2026-05-31
탄자니아,20-24세,6,2026-05-31
탄자니아,25-29세,7,2026-05-31
탄자니아,30-34세,18,2026-05-31
탄자니아,35-39세,12,2026-05-31
탄자니아,40-44세,14,2026-05-31
탄자니아,45-49세,15,2026-05-31
탄자니아,50-54세,6,2026-05-31
탄자니아,55-59세,1,2026-05-31
탄자니아,60-64세,1,2026-05-31
탄자니아,65-69세,0,2026-05-31
탄자니아,70-74세,0,2026-05-31
탄자니아,75-79세,0,2026-05-31
탄자니아,80-84세,0,2026-05-31
탄자니아,85-89세,0,2026-05-31
탄자니아,90-94세,0,2026-05-31
투르크메니스탄,0-4세,0,2026-05-31
투르크메니스탄,05-09세,0,2026-05-31
투르크메니스탄,10-14세,2,2026-05-31
투르크메니스탄,15-19세,0,2026-05-31
투르크메니스탄,20-24세,1,2026-05-31
투르크메니스탄,25-29세,1,2026-05-31
투르크메니스탄,30-34세,4,2026-05-31
투르크메니스탄,35-39세,2,2026-05-31
투르크메니스탄,40-44세,0,2026-05-31
투르크메니스탄,45-49세,1,2026-05-31
투르크메니스탄,50-54세,1,2026-05-31
투르크메니스탄,55-59세,0,2026-05-31
투르크메니스탄,60-64세,0,2026-05-31
투르크메니스탄,65-69세,0,2026-05-31
투르크메니스탄,70-74세,0,2026-05-31
투르크메니스탄,75-79세,0,2026-05-31
투르크메니스탄,80-84세,0,2026-05-31
투르크메니스탄,85-89세,0,2026-05-31
투르크메니스탄,90-94세,0,2026-05-31
튀니지,0-4세,0,2026-05-31
튀니지,05-09세,0,2026-05-31
튀니지,10-14세,0,2026-05-31
튀니지,15-19세,0,2026-05-31
튀니지,20-24세,1,2026-05-31
튀니지,25-29세,3,2026-05-31
튀니지,30-34세,4,2026-05-31
튀니지,35-39세,3,2026-05-31
튀니지,40-44세,0,2026-05-31
튀니지,45-49세,0,2026-05-31
튀니지,50-54세,0,2026-05-31
튀니지,55-59세,1,2026-05-31
튀니지,60-64세,0,2026-05-31
튀니지,65-69세,0,2026-05-31
튀니지,70-74세,0,2026-05-31
튀니지,75-79세,0,2026-05-31
튀니지,80-84세,0,2026-05-31
튀니지,85-89세,0,2026-05-31
튀니지,90-94세,0,2026-05-31
튀르키예,0-4세,0,2026-05-31
튀르키예,05-09세,0,2026-05-31
튀르키예,10-14세,0,2026-05-31
튀르키예,15-19세,0,2026-05-31
튀르키예,20-24세,7,2026-05-31
튀르키예,25-29세,16,2026-05-31
튀르키예,30-34세,13,2026-05-31
튀르키예,35-39세,8,2026-05-31
튀르키예,40-44세,14,2026-05-31
튀르키예,45-49세,8,2026-05-31
튀르키예,50-54세,5,2026-05-31
튀르키예,55-59세,1,2026-05-31
튀르키예,60-64세,1,2026-05-31
튀르키예,65-69세,0,2026-05-31
튀르키예,70-74세,0,2026-05-31
튀르키예,75-79세,0,2026-05-31
튀르키예,80-84세,0,2026-05-31
튀르키예,85-89세,0,2026-05-31
튀르키예,90-94세,0,2026-05-31
티모르민주공화국,0-4세,0,2026-05-31
티모르민주공화국,05-09세,0,2026-05-31
티모르민주공화국,10-14세,0,2026-05-31
티모르민주공화국,15-19세,0,2026-05-31
티모르민주공화국,20-24세,10,2026-05-31
티모르민주공화국,25-29세,47,2026-05-31
티모르민주공화국,30-34세,53,2026-05-31
티모르민주공화국,35-39세,26,2026-05-31
티모르민주공화국,40-44세,14,2026-05-31
티모르민주공화국,45-49세,2,2026-05-31
티모르민주공화국,50-54세,1,2026-05-31
티모르민주공화국,55-59세,0,2026-05-31
티모르민주공화국,60-64세,0,2026-05-31
티모르민주공화국,65-69세,0,2026-05-31
티모르민주공화국,70-74세,0,2026-05-31
티모르민주공화국,75-79세,0,2026-05-31
티모르민주공화국,80-84세,0,2026-05-31
티모르민주공화국,85-89세,0,2026-05-31
티모르민주공화국,90-94세,0,2026-05-31
파키스탄,0-4세,10,2026-05-31
파키스탄,05-09세,5,2026-05-31
파키스탄,10-14세,3,2026-05-31
파키스탄,15-19세,0,2026-05-31
파키스탄,20-24세,5,2026-05-31
파키스탄,25-29세,12,2026-05-31
파키스탄,30-34세,20,2026-05-31
파키스탄,35-39세,20,2026-05-31
파키스탄,40-44세,9,2026-05-31
파키스탄,45-49세,0,2026-05-31
파키스탄,50-54세,1,2026-05-31
파키스탄,55-59세,0,2026-05-31
파키스탄,60-64세,0,2026-05-31
파키스탄,65-69세,0,2026-05-31
파키스탄,70-74세,0,2026-05-31
파키스탄,75-79세,0,2026-05-31
파키스탄,80-84세,0,2026-05-31
파키스탄,85-89세,0,2026-05-31
파키스탄,90-94세,0,2026-05-31
폴란드,0-4세,0,2026-05-31
폴란드,05-09세,1,2026-05-31
폴란드,10-14세,1,2026-05-31
폴란드,15-19세,0,2026-05-31
폴란드,20-24세,0,2026-05-31
폴란드,25-29세,0,2026-05-31
폴란드,30-34세,0,2026-05-31
폴란드,35-39세,0,2026-05-31
폴란드,40-44세,2,2026-05-31
폴란드,45-49세,1,2026-05-31
폴란드,50-54세,0,2026-05-31
폴란드,55-59세,0,2026-05-31
폴란드,60-64세,0,2026-05-31
폴란드,65-69세,1,2026-05-31
폴란드,70-74세,0,2026-05-31
폴란드,75-79세,0,2026-05-31
폴란드,80-84세,1,2026-05-31
폴란드,85-89세,0,2026-05-31
폴란드,90-94세,0,2026-05-31
프랑스,0-4세,4,2026-05-31
프랑스,05-09세,9,2026-05-31
프랑스,10-14세,4,2026-05-31
프랑스,15-19세,0,2026-05-31
프랑스,20-24세,0,2026-05-31
프랑스,25-29세,15,2026-05-31
프랑스,30-34세,17,2026-05-31
프랑스,35-39세,20,2026-05-31
프랑스,40-44세,17,2026-05-31
프랑스,45-49세,10,2026-05-31
프랑스,50-54세,5,2026-05-31
프랑스,55-59세,5,2026-05-31
프랑스,60-64세,2,2026-05-31
프랑스,65-69세,0,2026-05-31
프랑스,70-74세,0,2026-05-31
프랑스,75-79세,2,2026-05-31
프랑스,80-84세,0,2026-05-31
프랑스,85-89세,0,2026-05-31
프랑스,90-94세,0,2026-05-31
핀란드,0-4세,0,2026-05-31
핀란드,05-09세,0,2026-05-31
핀란드,10-14세,0,2026-05-31
핀란드,15-19세,0,2026-05-31
핀란드,20-24세,0,2026-05-31
핀란드,25-29세,0,2026-05-31
핀란드,30-34세,1,2026-05-31
핀란드,35-39세,0,2026-05-31
핀란드,40-44세,0,2026-05-31
핀란드,45-49세,0,2026-05-31
핀란드,50-54세,0,2026-05-31
핀란드,55-59세,1,2026-05-31
핀란드,60-64세,0,2026-05-31
핀란드,65-69세,0,2026-05-31
핀란드,70-74세,1,2026-05-31
핀란드,75-79세,0,2026-05-31
핀란드,80-84세,0,2026-05-31
핀란드,85-89세,0,2026-05-31
핀란드,90-94세,0,2026-05-31
필리핀,0-4세,0,2026-05-31
필리핀,05-09세,4,2026-05-31
필리핀,10-14세,2,2026-05-31
필리핀,15-19세,3,2026-05-31
필리핀,20-24세,5,2026-05-31
필리핀,25-29세,46,2026-05-31
필리핀,30-34세,89,2026-05-31
필리핀,35-39세,104,2026-05-31
필리핀,40-44세,70,2026-05-31
필리핀,45-49세,36,2026-05-31
필리핀,50-54세,17,2026-05-31
필리핀,55-59세,9,2026-05-31
필리핀,60-64세,1,2026-05-31
필리핀,65-69세,0,2026-05-31
필리핀,70-74세,0,2026-05-31
필리핀,75-79세,0,2026-05-31
필리핀,80-84세,0,2026-05-31
필리핀,85-89세,0,2026-05-31
필리핀,90-94세,0,2026-05-31
한국계러시아인,0-4세,4,2026-05-31
한국계러시아인,05-09세,3,2026-05-31
한국계러시아인,10-14세,2,2026-05-31
한국계러시아인,15-19세,1,2026-05-31
한국계러시아인,20-24세,0,2026-05-31
한국계러시아인,25-29세,1,2026-05-31
한국계러시아인,30-34세,1,2026-05-31
한국계러시아인,35-39세,1,2026-05-31
한국계러시아인,40-44세,1,2026-05-31
한국계러시아인,45-49세,1,2026-05-31
한국계러시아인,50-54세,1,2026-05-31
한국계러시아인,55-59세,1,2026-05-31
한국계러시아인,60-64세,2,2026-05-31
한국계러시아인,65-69세,0,2026-05-31
한국계러시아인,70-74세,0,2026-05-31
한국계러시아인,75-79세,0,2026-05-31
한국계러시아인,80-84세,0,2026-05-31
한국계러시아인,85-89세,0,2026-05-31
한국계러시아인,90-94세,0,2026-05-31
한국계중국인,0-4세,1,2026-05-31
한국계중국인,05-09세,11,2026-05-31
한국계중국인,10-14세,7,2026-05-31
한국계중국인,15-19세,1,2026-05-31
한국계중국인,20-24세,4,2026-05-31
한국계중국인,25-29세,2,2026-05-31
한국계중국인,30-34세,12,2026-05-31
한국계중국인,35-39세,29,2026-05-31
한국계중국인,40-44세,43,2026-05-31
한국계중국인,45-49세,51,2026-05-31
한국계중국인,50-54세,66,2026-05-31
한국계중국인,55-59세,96,2026-05-31
한국계중국인,60-64세,74,2026-05-31
한국계중국인,65-69세,20,2026-05-31
한국계중국인,70-74세,9,2026-05-31
한국계중국인,75-79세,0,2026-05-31
한국계중국인,80-84세,0,2026-05-31
한국계중국인,85-89세,0,2026-05-31
한국계중국인,90-94세,0,2026-05-31
헝가리,0-4세,0,2026-05-31
헝가리,05-09세,0,2026-05-31
헝가리,10-14세,0,2026-05-31
헝가리,15-19세,0,2026-05-31
헝가리,20-24세,0,2026-05-31
헝가리,25-29세,0,2026-05-31
헝가리,30-34세,0,2026-05-31
헝가리,35-39세,0,2026-05-31
헝가리,40-44세,1,2026-05-31
헝가리,45-49세,0,2026-05-31
헝가리,50-54세,0,2026-05-31
헝가리,55-59세,0,2026-05-31
헝가리,60-64세,0,2026-05-31
헝가리,65-69세,0,2026-05-31
헝가리,70-74세,0,2026-05-31
헝가리,75-79세,0,2026-05-31
헝가리,80-84세,0,2026-05-31
헝가리,85-89세,0,2026-05-31
헝가리,90-94세,0,2026-05-31
홍콩,0-4세,0,2026-05-31
홍콩,05-09세,0,2026-05-31
홍콩,10-14세,0,2026-05-31
홍콩,15-19세,0,2026-05-31
홍콩,20-24세,0,2026-05-31
홍콩,25-29세,0,2026-05-31
홍콩,30-34세,0,2026-05-31
홍콩,35-39세,0,2026-05-31
홍콩,40-44세,0,2026-05-31
홍콩,45-49세,1,2026-05-31
홍콩,50-54세,1,2026-05-31
홍콩,55-59세,0,2026-05-31
홍콩,60-64세,0,2026-05-31
홍콩,65-69세,0,2026-05-31
홍콩,70-74세,0,2026-05-31
홍콩,75-79세,0,2026-05-31
홍콩,80-84세,0,2026-05-31
홍콩,85-89세,0,2026-05-31
홍콩,90-94세,0,2026-05-31
